NathanCorp : nathancorp@gmail.com : 8541
Analtda : analtda@gmail.com : 14789
HeitorLTDA : heitorLTDA@gmail.com : 123456
JulioCorp : juliocorp@gmail.com : 4568
AmandaLtda : AmandaLtda@gmail.com : 123456
ChipdaOi : ChipdaOi@gmail.com : 1238
